run_id,section,campaign,source,geometry,M,theta,ca,n_frames,status,finish_type
gdl_fiber_0000_128x128x64_M5_th130_b99,train,GDL,fiber,fiber_0000,5.0,130.0,1e-05,366,finished,pv_cap
gdl_fiber_0001_128x128x64_M20_th130_b99,train,GDL,fiber,fiber_0001,20.0,130.0,1e-05,334,finished,bt_cap
gdl_fiber_0003_128x128x64_M1_th120_b99,train,GDL,fiber,fiber_0003,1.0,120.0,1e-05,393,finished,pv_cap
gdl_fiber_0003_128x128x64_M20_th130_b99,train,GDL,fiber,fiber_0003,20.0,130.0,1e-05,393,finished,pv_cap
gdl_fiber_0004_128x128x64_M5_th120_b99,train,GDL,fiber,fiber_0004,5.0,120.0,1e-05,395,finished,pv_cap
gdl_fiber_0009_128x128x64_M10_th130_b99,train,GDL,fiber,fiber_0009,10.0,130.0,1e-05,355,finished,pv_cap
gdl_fiber_0010_128x128x64_M5_th150_b99,train,GDL,fiber,fiber_0010,5.0,150.0,1e-05,279,finished,pv_cap
gdl_fiber_0011_128x128x64_M1_th130_b99,train,GDL,fiber,fiber_0011,1.0,130.0,1e-05,268,finished,bt_cap
gdl_fiber_0011_128x128x64_M5_th150_b99,train,GDL,fiber,fiber_0011,5.0,150.0,1e-05,193,finished,bt_cap
gdl_fiber_0014_128x128x64_M5_th140_b99,train,GDL,fiber,fiber_0014,5.0,140.0,1e-05,326,finished,pv_cap
gdl_fiber_0015_128x128x64_M10_th120_b99,train,GDL,fiber,fiber_0015,10.0,120.0,1e-05,392,finished,pv_cap
gdl_fiber_0015_128x128x64_M1_th130_b99,train,GDL,fiber,fiber_0015,1.0,130.0,1e-05,392,finished,pv_cap
gdl_fiber_0016_128x128x64_M1_th150_b99,train,GDL,fiber,fiber_0016,1.0,150.0,1e-05,263,finished,bt_cap
gdl_fiber_0017_128x128x64_M10_th120_b99,train,GDL,fiber,fiber_0017,10.0,120.0,1e-05,285,finished,bt_cap
gdl_fiber_0017_128x128x64_M5_th140_b99,train,GDL,fiber,fiber_0017,5.0,140.0,1e-05,309,finished,bt_cap
gdl_fiber_0018_128x128x64_M10_th140_b99,train,GDL,fiber,fiber_0018,10.0,140.0,1e-05,318,finished,pv_cap
gdl_fiber_0018_128x128x64_M1_th140_b99,train,GDL,fiber,fiber_0018,1.0,140.0,1e-05,318,finished,pv_cap
gdl_fiber_0020_128x128x64_M20_th120_b99,train,GDL,fiber,fiber_0020,20.0,120.0,1e-05,309,finished,bt_cap
gdl_fiber_0020_128x128x64_M5_th120_b99,train,GDL,fiber,fiber_0020,5.0,120.0,1e-05,222,finished,bt_cap
gdl_fiber_0021_128x128x64_M10_th150_b99,train,GDL,fiber,fiber_0021,10.0,150.0,1e-05,306,finished,bt_cap
gdl_fiber_0021_128x128x64_M20_th150_b99,train,GDL,fiber,fiber_0021,20.0,150.0,1e-05,297,finished,bt_cap
gdl_fiber_0023_128x128x64_M5_th120_b99,train,GDL,fiber,fiber_0023,5.0,120.0,1e-05,390,finished,pv_cap
gdl_fiber_0024_128x128x64_M5_th150_b99,train,GDL,fiber,fiber_0024,5.0,150.0,1e-05,213,finished,bt_cap
gdl_fiber_0025_128x128x64_M20_th150_b99,train,GDL,fiber,fiber_0025,20.0,150.0,1e-05,306,finished,bt_cap
gdl_fiber_0026_128x128x64_M20_th120_b99,train,GDL,fiber,fiber_0026,20.0,120.0,1e-05,319,finished,pv_cap
gdl_fiber_0026_128x128x64_M5_th140_b99,train,GDL,fiber,fiber_0026,5.0,140.0,1e-05,319,finished,pv_cap
gdl_fiber_0027_128x128x64_M1_th140_b99,train,GDL,fiber,fiber_0027,1.0,140.0,1e-05,311,finished,pv_cap
gdl_fiber_0027_128x128x64_M5_th140_b99,train,GDL,fiber,fiber_0027,5.0,140.0,1e-05,311,finished,pv_cap
gdl_fiber_0029_128x128x64_M1_th120_b99,train,GDL,fiber,fiber_0029,1.0,120.0,1e-05,385,finished,pv_cap
gdl_fiber_0030_128x128x64_M10_th130_b99,train,GDL,fiber,fiber_0030,10.0,130.0,1e-05,380,finished,pv_cap
gdl_fiber_0031_128x128x64_M20_th150_b99,train,GDL,fiber,fiber_0031,20.0,150.0,1e-05,305,finished,pv_cap
gdl_fiber_0032_128x128x64_M10_th140_b99,train,GDL,fiber,fiber_0032,10.0,140.0,1e-05,356,finished,pv_cap
gdl_fiber_0032_128x128x64_M1_th150_b99,train,GDL,fiber,fiber_0032,1.0,150.0,1e-05,356,finished,pv_cap
gdl_fiber_0033_128x128x64_M1_th150_b99,train,GDL,fiber,fiber_0033,1.0,150.0,1e-05,309,finished,bt_cap
gdl_fiber_0036_128x128x64_M10_th120_b99,train,GDL,fiber,fiber_0036,10.0,120.0,1e-05,335,finished,pv_cap
gdl_fiber_0036_128x128x64_M10_th150_b99,train,GDL,fiber,fiber_0036,10.0,150.0,1e-05,335,finished,pv_cap
gdl_fiber_0037_128x128x64_M1_th130_b99,train,GDL,fiber,fiber_0037,1.0,130.0,1e-05,374,finished,pv_cap
gdl_fiber_0039_128x128x64_M5_th130_b99,train,GDL,fiber,fiber_0039,5.0,130.0,1e-05,385,finished,pv_cap
gdl_fiber_0040_128x128x64_M10_th140_b99,train,GDL,fiber,fiber_0040,10.0,140.0,1e-05,223,finished,bt_cap
gdl_fiber_0041_128x128x64_M10_th150_b99,train,GDL,fiber,fiber_0041,10.0,150.0,1e-05,297,finished,bt_cap
gdl_fiber_0043_128x128x64_M20_th140_b99,train,GDL,fiber,fiber_0043,20.0,140.0,1e-05,324,finished,pv_cap
gdl_fiber_0044_128x128x64_M1_th120_b99,train,GDL,fiber,fiber_0044,1.0,120.0,1e-05,245,finished,bt_cap
gdl_fiber_0044_128x128x64_M1_th140_b99,train,GDL,fiber,fiber_0044,1.0,140.0,1e-05,226,finished,bt_cap
gdl_fiber_0045_128x128x64_M20_th120_b99,train,GDL,fiber,fiber_0045,20.0,120.0,1e-05,364,finished,pv_cap
gdl_fiber_0046_128x128x64_M20_th150_b99,train,GDL,fiber,fiber_0046,20.0,150.0,1e-05,351,finished,pv_cap
gdl_fiber_0047_128x128x64_M20_th140_b99,train,GDL,fiber,fiber_0047,20.0,140.0,1e-05,377,finished,pv_cap
gdl_fiber_0047_128x128x64_M5_th130_b99,train,GDL,fiber,fiber_0047,5.0,130.0,1e-05,377,finished,pv_cap
gdl_fiber_0048_128x128x64_M1_th140_b99,train,GDL,fiber,fiber_0048,1.0,140.0,1e-05,174,finished,bt_cap
gdl_fiber_0050_128x128x64_M10_th130_b99,train,GDL,fiber,fiber_0050,10.0,130.0,1e-05,295,finished,pv_cap
gdl_fiber_0050_128x128x64_M1_th150_b99,train,GDL,fiber,fiber_0050,1.0,150.0,1e-05,249,finished,bt_cap
gdl_fiber_0051_128x128x64_M10_th120_b99,train,GDL,fiber,fiber_0051,10.0,120.0,1e-05,272,finished,pv_cap
gdl_fiber_0051_128x128x64_M10_th130_b99,train,GDL,fiber,fiber_0051,10.0,130.0,1e-05,272,finished,pv_cap
gdl_fiber_0052_128x128x64_M5_th130_b99,train,GDL,fiber,fiber_0052,5.0,130.0,1e-05,289,finished,pv_cap
gdl_fiber_0053_128x128x64_M20_th130_b99,train,GDL,fiber,fiber_0053,20.0,130.0,1e-05,300,finished,bt_cap
gdl_fiber_0053_128x128x64_M20_th140_b99,train,GDL,fiber,fiber_0053,20.0,140.0,1e-05,294,finished,bt_cap
gdl_fiber_0054_128x128x64_M20_th120_b99,train,GDL,fiber,fiber_0054,20.0,120.0,1e-05,357,finished,pv_cap
gdl_fiber_0056_128x128x64_M10_th140_b99,train,GDL,fiber,fiber_0056,10.0,140.0,1e-05,328,finished,pv_cap
gdl_fiber_0056_128x128x64_M20_th140_b99,train,GDL,fiber,fiber_0056,20.0,140.0,1e-05,328,finished,pv_cap
gdl_fiber_0058_128x128x64_M5_th120_b99,train,GDL,fiber,fiber_0058,5.0,120.0,1e-05,354,finished,pv_cap
gdl_fiber_0059_128x128x64_M10_th150_b99,train,GDL,fiber,fiber_0059,10.0,150.0,1e-05,373,finished,pv_cap
gdl_fiber_0060_128x128x64_M20_th130_b99,train,GDL,fiber,fiber_0060,20.0,130.0,1e-05,325,finished,pv_cap
gdl_fiber_0061_128x128x64_M5_th150_b99,train,GDL,fiber,fiber_0061,5.0,150.0,1e-05,304,finished,bt_cap
gdl_fiber_0062_128x128x64_M1_th120_b99,train,GDL,fiber,fiber_0062,1.0,120.0,1e-05,315,finished,pv_cap
gdl_fiber_0063_128x128x64_M1_th130_b99,train,GDL,fiber,fiber_0063,1.0,130.0,1e-05,331,finished,pv_cap
gdl_gdl_ct_0002_128x128x64_M20_th140_b99,train,GDL,gdl_ct,gdl_0002,20.0,140.0,1e-05,288,finished,pv_cap
gdl_gdl_ct_0003_128x128x64_M5_th150_b99,train,GDL,gdl_ct,gdl_0003,5.0,150.0,1e-05,263,finished,pv_cap
gdl_gdl_ct_0004_128x128x64_M10_th150_b99,train,GDL,gdl_ct,gdl_0004,10.0,150.0,1e-05,283,finished,pv_cap
gdl_gdl_ct_0014_128x128x64_M10_th130_b99,train,GDL,gdl_ct,gdl_0014,10.0,130.0,1e-05,257,finished,bt_cap
gdl_gdl_ct_0015_128x128x64_M10_th120_b99,train,GDL,gdl_ct,gdl_0015,10.0,120.0,1e-05,314,finished,pv_cap
gdl_gdl_ct_0017_128x128x64_M10_th150_b99,train,GDL,gdl_ct,gdl_0017,10.0,150.0,1e-05,246,finished,pv_cap
gdl_gdl_ct_0019_128x128x64_M20_th150_b99,train,GDL,gdl_ct,gdl_0019,20.0,150.0,1e-05,309,finished,pv_cap
gdl_gdl_ct_0020_128x128x64_M10_th150_b99,train,GDL,gdl_ct,gdl_0020,10.0,150.0,1e-05,286,finished,pv_cap
gdl_gdl_ct_0025_128x128x64_M5_th120_b99,train,GDL,gdl_ct,gdl_0025,5.0,120.0,1e-05,215,finished,bt_cap
gdl_gdl_ct_0026_128x128x64_M1_th130_b99,train,GDL,gdl_ct,gdl_0026,1.0,130.0,1e-05,321,finished,pv_cap
gdl_gdl_ct_0029_128x128x64_M5_th120_b99,train,GDL,gdl_ct,gdl_0029,5.0,120.0,1e-05,264,finished,bt_cap
gdl_gdl_ct_0034_128x128x64_M5_th140_b99,train,GDL,gdl_ct,gdl_0034,5.0,140.0,1e-05,178,finished,bt_cap
gdl_gdl_ct_0035_128x128x64_M10_th130_b99,train,GDL,gdl_ct,gdl_0035,10.0,130.0,1e-05,197,finished,bt_cap
gdl_gdl_ct_0036_128x128x64_M20_th150_b99,train,GDL,gdl_ct,gdl_0036,20.0,150.0,1e-05,282,finished,pv_cap
gdl_gdl_ct_0040_128x128x64_M5_th130_b99,train,GDL,gdl_ct,gdl_0040,5.0,130.0,1e-05,258,finished,bt_cap
gdl_gdl_ct_0043_128x128x64_M1_th130_b99,train,GDL,gdl_ct,gdl_0043,1.0,130.0,1e-05,252,finished,bt_cap
gdl_gdl_ct_0047_128x128x64_M20_th140_b99,train,GDL,gdl_ct,gdl_0047,20.0,140.0,1e-05,238,finished,bt_cap
gdl_gdl_ct_0051_128x128x64_M10_th150_b99,train,GDL,gdl_ct,gdl_0051,10.0,150.0,1e-05,290,finished,pv_cap
gdl_gdl_ct_0052_128x128x64_M20_th130_b99,train,GDL,gdl_ct,gdl_0052,20.0,130.0,1e-05,287,finished,pv_cap
gdl_gdl_ct_0053_128x128x64_M5_th130_b99,train,GDL,gdl_ct,gdl_0053,5.0,130.0,1e-05,196,finished,bt_cap
gdl_gdl_ct_0054_128x128x64_M20_th150_b99,train,GDL,gdl_ct,gdl_0054,20.0,150.0,1e-05,255,finished,pv_cap
gdl_gdl_ct_0062_128x128x64_M10_th140_b99,train,GDL,gdl_ct,gdl_0062,10.0,140.0,1e-05,299,finished,pv_cap
gdl_gdl_ct_20_0001_128x128x64_M10_th120_b99,train,GDL,gdl_ct_20,gdl_0001,10.0,120.0,1e-05,330,finished,bt_cap
gdl_gdl_ct_20_0003_128x128x64_M20_th150_b99,train,GDL,gdl_ct_20,gdl_0003,20.0,150.0,1e-05,283,finished,bt_cap
gdl_gdl_ct_20_0006_128x128x64_M1_th120_b99,train,GDL,gdl_ct_20,gdl_0006,1.0,120.0,1e-05,304,finished,pv_cap
gdl_gdl_ct_20_0007_128x128x64_M1_th130_b99,train,GDL,gdl_ct_20,gdl_0007,1.0,130.0,1e-05,285,finished,bt_cap
gdl_gdl_ct_20_0012_128x128x64_M20_th130_b99,train,GDL,gdl_ct_20,gdl_0012,20.0,130.0,1e-05,235,finished,bt_cap
gdl_gdl_ct_20_0013_128x128x64_M1_th120_b99,train,GDL,gdl_ct_20,gdl_0013,1.0,120.0,1e-05,196,finished,bt_cap
gdl_gdl_ct_20_0016_128x128x64_M5_th150_b99,train,GDL,gdl_ct_20,gdl_0016,5.0,150.0,1e-05,153,finished,bt_cap
gdl_gdl_ct_20_0021_128x128x64_M1_th120_b99,train,GDL,gdl_ct_20,gdl_0021,1.0,120.0,1e-05,270,finished,bt_cap
gdl_gdl_ct_20_0025_128x128x64_M5_th130_b99,train,GDL,gdl_ct_20,gdl_0025,5.0,130.0,1e-05,300,finished,pv_cap
gdl_gdl_ct_20_0027_128x128x64_M20_th120_b99,train,GDL,gdl_ct_20,gdl_0027,20.0,120.0,1e-05,252,finished,bt_cap
gdl_gdl_ct_20_0028_128x128x64_M10_th130_b99,train,GDL,gdl_ct_20,gdl_0028,10.0,130.0,1e-05,258,finished,bt_cap
gdl_gdl_ct_20_0031_128x128x64_M5_th120_b99,train,GDL,gdl_ct_20,gdl_0031,5.0,120.0,1e-05,228,finished,bt_cap
gdl_gdl_ct_20_0033_128x128x64_M20_th140_b99,train,GDL,gdl_ct_20,gdl_0033,20.0,140.0,1e-05,249,finished,bt_cap
gdl_gdl_ct_20_0037_128x128x64_M10_th140_b99,train,GDL,gdl_ct_20,gdl_0037,10.0,140.0,1e-05,245,finished,bt_cap
gdl_gdl_ct_20_0039_128x128x64_M5_th140_b99,train,GDL,gdl_ct_20,gdl_0039,5.0,140.0,1e-05,318,finished,pv_cap
gdl_gdl_ct_20_0043_128x128x64_M5_th140_b99,train,GDL,gdl_ct_20,gdl_0043,5.0,140.0,1e-05,252,finished,bt_cap
gdl_gdl_ct_20_0044_128x128x64_M20_th130_b99,train,GDL,gdl_ct_20,gdl_0044,20.0,130.0,1e-05,315,finished,bt_cap
gdl_gdl_ct_20_0051_128x128x64_M5_th150_b99,train,GDL,gdl_ct_20,gdl_0051,5.0,150.0,1e-05,234,finished,bt_cap
gdl_gdl_ct_20_0053_128x128x64_M20_th130_b99,train,GDL,gdl_ct_20,gdl_0053,20.0,130.0,1e-05,301,finished,pv_cap
gdl_gdl_ct_20_0055_128x128x64_M5_th150_b99,train,GDL,gdl_ct_20,gdl_0055,5.0,150.0,1e-05,205,finished,bt_cap
gdl_gdl_ct_20_0058_128x128x64_M10_th140_b99,train,GDL,gdl_ct_20,gdl_0058,10.0,140.0,1e-05,214,finished,bt_cap
gdl_gdl_ct_40_0004_128x128x64_M1_th140_b99,train,GDL,gdl_ct_40,gdl_0004,1.0,140.0,1e-05,225,finished,bt_cap
gdl_gdl_ct_40_0005_128x128x64_M20_th140_b99,train,GDL,gdl_ct_40,gdl_0005,20.0,140.0,1e-05,172,finished,bt_cap
gdl_gdl_ct_40_0009_128x128x64_M1_th140_b99,train,GDL,gdl_ct_40,gdl_0009,1.0,140.0,1e-05,288,finished,pv_cap
gdl_gdl_ct_40_0013_128x128x64_M20_th120_b99,train,GDL,gdl_ct_40,gdl_0013,20.0,120.0,1e-05,262,finished,bt_cap
gdl_gdl_ct_40_0014_128x128x64_M10_th120_b99,train,GDL,gdl_ct_40,gdl_0014,10.0,120.0,1e-05,275,finished,bt_cap
gdl_gdl_ct_40_0016_128x128x64_M5_th130_b99,train,GDL,gdl_ct_40,gdl_0016,5.0,130.0,1e-05,245,finished,bt_cap
gdl_gdl_ct_40_0018_128x128x64_M1_th150_b99,train,GDL,gdl_ct_40,gdl_0018,1.0,150.0,1e-05,257,finished,bt_cap
gdl_gdl_ct_40_0020_128x128x64_M20_th120_b99,train,GDL,gdl_ct_40,gdl_0020,20.0,120.0,1e-05,331,finished,pv_cap
gdl_gdl_ct_40_0022_128x128x64_M5_th120_b99,train,GDL,gdl_ct_40,gdl_0022,5.0,120.0,1e-05,245,finished,bt_cap
gdl_gdl_ct_40_0023_128x128x64_M1_th120_b99,train,GDL,gdl_ct_40,gdl_0023,1.0,120.0,1e-05,303,finished,pv_cap
gdl_gdl_ct_40_0027_128x128x64_M10_th130_b99,train,GDL,gdl_ct_40,gdl_0027,10.0,130.0,1e-05,291,finished,bt_cap
gdl_gdl_ct_40_0033_128x128x64_M1_th140_b99,train,GDL,gdl_ct_40,gdl_0033,1.0,140.0,1e-05,310,finished,bt_cap
gdl_gdl_ct_40_0034_128x128x64_M5_th140_b99,train,GDL,gdl_ct_40,gdl_0034,5.0,140.0,1e-05,256,finished,bt_cap
gdl_gdl_ct_40_0036_128x128x64_M10_th140_b99,train,GDL,gdl_ct_40,gdl_0036,10.0,140.0,1e-05,208,finished,bt_cap
gdl_gdl_ct_40_0049_128x128x64_M10_th120_b99,train,GDL,gdl_ct_40,gdl_0049,10.0,120.0,1e-05,308,finished,pv_cap
gdl_gdl_ct_40_0051_128x128x64_M1_th130_b99,train,GDL,gdl_ct_40,gdl_0051,1.0,130.0,1e-05,178,finished,bt_cap
gdl_gdl_ct_40_0054_128x128x64_M1_th150_b99,train,GDL,gdl_ct_40,gdl_0054,1.0,150.0,1e-05,234,finished,bt_cap
gdl_gdl_ct_40_0056_128x128x64_M1_th140_b99,train,GDL,gdl_ct_40,gdl_0056,1.0,140.0,1e-05,126,finished,bt_cap
gdl_gdl_ct_40_0057_128x128x64_M1_th150_b99,train,GDL,gdl_ct_40,gdl_0057,1.0,150.0,1e-05,221,finished,bt_cap
gdl_gdl_ct_40_0058_128x128x64_M20_th120_b99,train,GDL,gdl_ct_40,gdl_0058,20.0,120.0,1e-05,226,finished,bt_cap
gdl_gdl_ct_40_0061_128x128x64_M1_th150_b99,train,GDL,gdl_ct_40,gdl_0061,1.0,150.0,1e-05,328,finished,pv_cap
gdl_fiber_0002_128x128x64_M5_th120_b99,val,GDL,fiber,fiber_0002,5.0,120.0,1e-05,268,finished,bt_cap
gdl_fiber_0005_128x128x64_M10_th120_b99,val,GDL,fiber,fiber_0005,10.0,120.0,1e-05,360,finished,pv_cap
gdl_fiber_0006_128x128x64_M5_th150_b99,val,GDL,fiber,fiber_0006,5.0,150.0,1e-05,225,finished,bt_cap
gdl_fiber_0007_128x128x64_M5_th140_b99,val,GDL,fiber,fiber_0007,5.0,140.0,1e-05,237,finished,bt_cap
gdl_fiber_0008_128x128x64_M20_th130_b99,val,GDL,fiber,fiber_0008,20.0,130.0,1e-05,328,finished,pv_cap
gdl_fiber_0012_128x128x64_M1_th140_b99,val,GDL,fiber,fiber_0012,1.0,140.0,1e-05,210,finished,bt_cap
gdl_fiber_0013_128x128x64_M20_th140_b99,val,GDL,fiber,fiber_0013,20.0,140.0,1e-05,294,finished,bt_cap
gdl_fiber_0022_128x128x64_M5_th130_b99,val,GDL,fiber,fiber_0022,5.0,130.0,1e-05,300,finished,bt_cap
gdl_fiber_0028_128x128x64_M1_th150_b99,val,GDL,fiber,fiber_0028,1.0,150.0,1e-05,255,finished,bt_cap
gdl_fiber_0034_128x128x64_M1_th130_b99,val,GDL,fiber,fiber_0034,1.0,130.0,1e-05,361,finished,bt_cap
gdl_fiber_0035_128x128x64_M10_th130_b99,val,GDL,fiber,fiber_0035,10.0,130.0,1e-05,333,finished,pv_cap
gdl_fiber_0038_128x128x64_M20_th150_b99,val,GDL,fiber,fiber_0038,20.0,150.0,1e-05,313,finished,pv_cap
gdl_fiber_0042_128x128x64_M10_th150_b99,val,GDL,fiber,fiber_0042,10.0,150.0,1e-05,240,finished,bt_cap
gdl_fiber_0049_128x128x64_M20_th120_b99,val,GDL,fiber,fiber_0049,20.0,120.0,1e-05,315,finished,pv_cap
gdl_fiber_0055_128x128x64_M1_th120_b99,val,GDL,fiber,fiber_0055,1.0,120.0,1e-05,361,finished,bt_cap
gdl_fiber_0057_128x128x64_M10_th140_b99,val,GDL,fiber,fiber_0057,10.0,140.0,1e-05,320,finished,pv_cap
gdl_gdl_ct_0013_128x128x64_M10_th130_b99,val,GDL,gdl_ct,gdl_0013,10.0,130.0,1e-05,331,finished,pv_cap
gdl_gdl_ct_0022_128x128x64_M1_th150_b99,val,GDL,gdl_ct,gdl_0022,1.0,150.0,1e-05,252,finished,bt_cap
gdl_gdl_ct_0024_128x128x64_M1_th130_b99,val,GDL,gdl_ct,gdl_0024,1.0,130.0,1e-05,259,finished,pv_cap
gdl_gdl_ct_0045_128x128x64_M1_th120_b99,val,GDL,gdl_ct,gdl_0045,1.0,120.0,1e-05,123,finished,bt_cap
gdl_gdl_ct_0057_128x128x64_M10_th140_b99,val,GDL,gdl_ct,gdl_0057,10.0,140.0,1e-05,238,finished,bt_cap
gdl_gdl_ct_0061_128x128x64_M20_th120_b99,val,GDL,gdl_ct,gdl_0061,20.0,120.0,1e-05,252,finished,bt_cap
gdl_gdl_ct_20_0018_128x128x64_M20_th150_b99,val,GDL,gdl_ct_20,gdl_0018,20.0,150.0,1e-05,313,finished,pv_cap
gdl_gdl_ct_20_0020_128x128x64_M5_th150_b99,val,GDL,gdl_ct_20,gdl_0020,5.0,150.0,1e-05,99,finished,bt_cap
gdl_gdl_ct_20_0022_128x128x64_M20_th130_b99,val,GDL,gdl_ct_20,gdl_0022,20.0,130.0,1e-05,312,finished,pv_cap
gdl_gdl_ct_20_0046_128x128x64_M5_th140_b99,val,GDL,gdl_ct_20,gdl_0046,5.0,140.0,1e-05,336,finished,pv_cap
gdl_gdl_ct_20_0061_128x128x64_M20_th140_b99,val,GDL,gdl_ct_20,gdl_0061,20.0,140.0,1e-05,292,finished,pv_cap
gdl_gdl_ct_40_0001_128x128x64_M1_th140_b99,val,GDL,gdl_ct_40,gdl_0001,1.0,140.0,1e-05,232,finished,bt_cap
gdl_gdl_ct_40_0010_128x128x64_M10_th120_b99,val,GDL,gdl_ct_40,gdl_0010,10.0,120.0,1e-05,303,finished,pv_cap
gdl_gdl_ct_40_0012_128x128x64_M10_th150_b99,val,GDL,gdl_ct_40,gdl_0012,10.0,150.0,1e-05,112,finished,bt_cap
gdl_gdl_ct_40_0048_128x128x64_M5_th130_b99,val,GDL,gdl_ct_40,gdl_0048,5.0,130.0,1e-05,237,finished,bt_cap
gdl_gdl_ct_40_0053_128x128x64_M5_th120_b99,val,GDL,gdl_ct_40,gdl_0053,5.0,120.0,1e-05,186,finished,bt_cap
